<?xml version="1.0" encoding="utf-8"?><Response xmlns:xsi="http://www.w3.org/2001/XMLSchema-instance" xmlns:xsd="http://www.w3.org/2001/XMLSchema" xmlns="http://schemas.microsoft.com/search/local/ws/rest/v1"><Copyright>Copyright © 2014 Microsoft and its suppliers. All rights reserved. This API cannot be accessed and the content and any results may not be used, reproduced or transmitted in any manner without express written permission from Microsoft Corporation.</Copyright><BrandLogoUri>http://dev.virtualearth.net/Branding/logo_powered_by.png</BrandLogoUri><StatusCode>200</StatusCode><StatusDescription>OK</StatusDescription><AuthenticationResultCode>ValidCredentials</AuthenticationResultCode><TraceId>e061c3bcfd1a499dbe165b488e4a3bf8|AMSM001101|02.00.94.900|</TraceId><ResourceSets><ResourceSet><EstimatedTotal>1</EstimatedTotal><Resources><ImageryMetadata><ImageUrl>http://ecn.{subdomain}.tiles.virtualearth.net/tiles/a{quadkey}.jpeg?g=2241</ImageUrl><ImageUrlSubdomains><string>t0</string><string>t1</string><string>t2</string><string>t3</string></ImageUrlSubdomains><ImageWidth>256</ImageWidth><ImageHeight>256</ImageHeight><ZoomMin>1</ZoomMin><ZoomMax>21</ZoomMax><ImageryProvider><Attribution>© 2012 DigitalGlobe</Attribution><CoverageArea><ZoomMin>14</ZoomMin><ZoomMax>21</ZoomMax><BoundingBox><SouthLatitude>-67</SouthLatitude><WestLongitude>-179.99</WestLongitude><NorthLatitude>27</NorthLatitude><EastLongitude>0</EastLongitude></BoundingBox></CoverageArea><CoverageArea><ZoomMin>14</ZoomMin><ZoomMax>21</ZoomMax><BoundingBox><SouthLatitude>27</SouthLatitude><WestLongitude>-179.99</WestLongitude><NorthLatitude>87</NorthLatitude><EastLongitude>-126.5</EastLongitude></BoundingBox></CoverageArea><CoverageArea><ZoomMin>14</ZoomMin><ZoomMax>21</ZoomMax><BoundingBox><SouthLatitude>48.4</SouthLatitude><WestLongitude>-126.5</WestLongitude><NorthLatitude>87</NorthLatitude><EastLongitude>-5.75</EastLongitude></BoundingBox></CoverageArea><CoverageArea><ZoomMin>14</ZoomMin><ZoomMax>21</ZoomMax><BoundingBox><SouthLatitude>-67</SouthLatitude><WestLongitude>28</WestLongitude><NorthLatitude>86.5</NorthLatitude><EastLongitude>179.99</EastLongitude></BoundingBox></CoverageArea><CoverageArea><ZoomMin>14</ZoomMin><ZoomMax>21</ZoomMax><BoundingBox><SouthLatitude>-67</SouthLatitude><WestLongitude>0</WestLongitude><NorthLatitude>37.8</NorthLatitude><EastLongitude>28</EastLongitude></BoundingBox></CoverageArea><CoverageArea><ZoomMin>14</ZoomMin><ZoomMax>21</ZoomMax><BoundingBox><SouthLatitude>37.7</SouthLatitude><WestLongitude>18.5</WestLongitude><NorthLatitude>59.8</NorthLatitude><EastLongitude>28</EastLongitude></BoundingBox></CoverageArea><CoverageArea><ZoomMin>14</ZoomMin><ZoomMax>21</ZoomMax><BoundingBox><SouthLatitude>43</SouthLatitude><WestLongitude>-81.6</WestLongitude><NorthLatitude>48.4</NorthLatitude><EastLongitude>-10</EastLongitude></BoundingBox></CoverageArea><CoverageArea><ZoomMin>14</ZoomMin><ZoomMax>21</ZoomMax><BoundingBox><SouthLatitude>27</SouthLatitude><WestLongitude>-70</WestLongitude><NorthLatitude>43</NorthLatitude><EastLongitude>-10</EastLongitude></BoundingBox></CoverageArea><CoverageArea><ZoomMin>14</ZoomMin><ZoomMax>21</ZoomMax><BoundingBox><SouthLatitude>27</SouthLatitude><WestLongitude>-10</WestLongitude><NorthLatitude>35.8</NorthLatitude><EastLongitude>0</EastLongitude></BoundingBox></CoverageArea><CoverageArea><ZoomMin>14</ZoomMin><ZoomMax>21</ZoomMax><BoundingBox><SouthLatitude>27</SouthLatitude><WestLongitude>-120</WestLongitude><NorthLatitude>32.3</NorthLatitude><EastLongitude>-105.8</EastLongitude></BoundingBox></CoverageArea><CoverageArea><ZoomMin>14</ZoomMin><ZoomMax>21</ZoomMax><BoundingBox><SouthLatitude>43.4</SouthLatitude><WestLongitude>13.78</WestLongitude><NorthLatitude>54.9</NorthLatitude><EastLongitude>18.5</EastLongitude></BoundingBox></CoverageArea></ImageryProvider><ImageryProvider><Attribution>Image courtesy of NASA</Attribution><CoverageArea><ZoomMin>1</ZoomMin><ZoomMax>8</ZoomMax><BoundingBox><SouthLatitude>-90</SouthLatitude><WestLongitude>-180</WestLongitude><NorthLatitude>90</NorthLatitude><EastLongitude>180</EastLongitude></BoundingBox></CoverageArea></ImageryProvider><ImageryProvider><Attribution>© Harris Corp, Earthstar Geographics LLC</Attribution><CoverageArea><ZoomMin>9</ZoomMin><ZoomMax>13</ZoomMax><BoundingBox><SouthLatitude>-90</SouthLatitude><WestLongitude>-180</WestLongitude><NorthLatitude>90</NorthLatitude><EastLongitude>180</EastLongitude></BoundingBox></CoverageArea></ImageryProvider><ImageryProvider><Attribution>Image courtesy of USGS</Attribution><CoverageArea><ZoomMin>14</ZoomMin><ZoomMax>17</ZoomMax><BoundingBox><SouthLatitude>17.99</SouthLatitude><WestLongitude>-150.11</WestLongitude><NorthLatitude>61.39</NorthLatitude><EastLongitude>-65.57</EastLongitude></BoundingBox></CoverageArea></ImageryProvider><ImageryProvider><Attribution>© Getmapping plc</Attribution><CoverageArea><ZoomMin>14</ZoomMin><ZoomMax>21</ZoomMax><BoundingBox><SouthLatitude>49.94</SouthLatitude><WestLongitude>-6.82</WestLongitude><NorthLatitude>60.17</NorthLatitude><EastLongitude>1.78</EastLongitude></BoundingBox></CoverageArea></ImageryProvider><ImageryProvider><Attribution>© 2012 GeoEye</Attribution><CoverageArea><ZoomMin>14</ZoomMin><ZoomMax>21</ZoomMax><BoundingBox><SouthLatitude>48.95</SouthLatitude><WestLongitude>-152</WestLongitude><NorthLatitude>65.5</NorthLatitude><EastLongitude>-95.4</EastLongitude></BoundingBox></CoverageArea><CoverageArea><ZoomMin>14</ZoomMin><ZoomMax>21</ZoomMax><BoundingBox><SouthLatitude>45.15</SouthLatitude><WestLongitude>-73.2</WestLongitude><NorthLatitude>48.9</NorthLatitude><EastLongitude>-70.2</EastLongitude></BoundingBox></CoverageArea><CoverageArea><ZoomMin>14</ZoomMin><ZoomMax>21</ZoomMax><BoundingBox><SouthLatitude>31.87</SouthLatitude><WestLongitude>-67.56</WestLongitude><NorthLatitude>49</NorthLatitude><EastLongitude>-50.46</EastLongitude></BoundingBox></CoverageArea><CoverageArea><ZoomMin>14</ZoomMin><ZoomMax>21</ZoomMax><BoundingBox><SouthLatitude>-23</SouthLatitude><WestLongitude>-180</WestLongitude><NorthLatitude>30</NorthLatitude><EastLongitude>-145</EastLongitude></BoundingBox></CoverageArea><CoverageArea><ZoomMin>14</ZoomMin><ZoomMax>21</ZoomMax><BoundingBox><SouthLatitude>-37.7</SouthLatitude><WestLongitude>-110</WestLongitude><NorthLatitude>26.5</NorthLatitude><EastLongitude>-33</EastLongitude></BoundingBox></CoverageArea><CoverageArea><ZoomMin>14</ZoomMin><ZoomMax>21</ZoomMax><BoundingBox><SouthLatitude>-46</SouthLatitude><WestLongitude>-20</WestLongitude><NorthLatitude>67</NorthLatitude><EastLongitude>180</EastLongitude></BoundingBox></CoverageArea></ImageryProvider><ImageryProvider><Attribution>© 2012 Pasco</Attribution><CoverageArea><ZoomMin>14</ZoomMin><ZoomMax>21</ZoomMax><BoundingBox><SouthLatitude>23.5</SouthLatitude><WestLongitude>122.5</WestLongitude><NorthLatitude>46.65</NorthLatitude><EastLongitude>151.66</EastLongitude></BoundingBox></CoverageArea></ImageryProvider><ImageryProvider><Attribution>© GeoContent / (p) Intergraph</Attribution><CoverageArea><ZoomMin>14</ZoomMin><ZoomMax>21</ZoomMax><BoundingBox><SouthLatitude>47</SouthLatitude><WestLongitude>5</WestLongitude><NorthLatitude>55.5</NorthLatitude><EastLongitude>16</EastLongitude></BoundingBox></CoverageArea><CoverageArea><ZoomMin>14</ZoomMin><ZoomMax>21</ZoomMax><BoundingBox><SouthLatitude>46.25</SouthLatitude><WestLongitude>9.4</WestLongitude><NorthLatitude>49.2</NorthLatitude><EastLongitude>17.3</EastLongitude></BoundingBox></CoverageArea></ImageryProvider><ImageryProvider><Attribution>© 2012 Intermap</Attribution><CoverageArea><ZoomMin>1</ZoomMin><ZoomMax>21</ZoomMax><BoundingBox><SouthLatitude>49</SouthLatitude><WestLongitude>-11</WestLongitude><NorthLatitude>60</NorthLatitude><EastLongitude>2</EastLongitude></BoundingBox></CoverageArea></ImageryProvider><ImageryProvider><Attribution>Image courtesy of the IndianaMap</Attribution><CoverageArea><ZoomMin>14</ZoomMin><ZoomMax>21</ZoomMax><BoundingBox><SouthLatitude>37.7</SouthLatitude><WestLongitude>-88.2</WestLongitude><NorthLatitude>41.9</NorthLatitude><EastLongitude>-84.7</EastLongitude></BoundingBox></CoverageArea></ImageryProvider><ImageryProvider><Attribution>Image courtesy of the Nevada State Mapping Advisory Committee</Attribution><CoverageArea><ZoomMin>14</ZoomMin><ZoomMax>21</ZoomMax><BoundingBox><SouthLatitude>34.85</SouthLatitude><WestLongitude>-120.2</WestLongitude><NorthLatitude>42.12</NorthLatitude><EastLongitude>-113.91</EastLongitude></BoundingBox></CoverageArea></ImageryProvider><ImageryProvider><Attribution>© 2012 InterAtlas</Attribution><CoverageArea><ZoomMin>14</ZoomMin><ZoomMax>21</ZoomMax><BoundingBox><SouthLatitude>48.37</SouthLatitude><WestLongitude>1.4</WestLongitude><NorthLatitude>49.28</NorthLatitude><EastLongitude>3.37</EastLongitude></BoundingBox></CoverageArea><CoverageArea><ZoomMin>14</ZoomMin><ZoomMax>21</ZoomMax><BoundingBox><SouthLatitude>47.72</SouthLatitude><WestLongitude>1.67</WestLongitude><NorthLatitude>48.05</NorthLatitude><EastLongitude>2.18</EastLongitude></BoundingBox></CoverageArea><CoverageArea><ZoomMin>14</ZoomMin><ZoomMax>21</ZoomMax><BoundingBox><SouthLatitude>45.55</SouthLatitude><WestLongitude>4.57</WestLongitude><NorthLatitude>45.95</NorthLatitude><EastLongitude>5.33</EastLongitude></BoundingBox></CoverageArea><CoverageArea><ZoomMin>14</ZoomMin><ZoomMax>21</ZoomMax><BoundingBox><SouthLatitude>43.18</SouthLatitude><WestLongitude>4.92</WestLongitude><NorthLatitude>43.77</NorthLatitude><EastLongitude>5.82</EastLongitude></BoundingBox></CoverageArea></ImageryProvider><ImageryProvider><Attribution>© 2012 Eurosense</Attribution><CoverageArea><ZoomMin>14</ZoomMin><ZoomMax>21</ZoomMax><BoundingBox><SouthLatitude>51</SouthLatitude><WestLongitude>3</WestLongitude><NorthLatitude>53.65</NorthLatitude><EastLongitude>7.67</EastLongitude></BoundingBox></CoverageArea><CoverageArea><ZoomMin>14</ZoomMin><ZoomMax>21</ZoomMax><BoundingBox><SouthLatitude>50.58</SouthLatitude><WestLongitude>5.42</WestLongitude><NorthLatitude>51</NorthLatitude><EastLongitude>5.47</EastLongitude></BoundingBox></CoverageArea></ImageryProvider><ImageryProvider><Attribution>© 2012 IGP</Attribution><CoverageArea><ZoomMin>14</ZoomMin><ZoomMax>21</ZoomMax><BoundingBox><SouthLatitude>36.88</SouthLatitude><WestLongitude>-9.6</WestLongitude><NorthLatitude>42.27</NorthLatitude><EastLongitude>-6</EastLongitude></BoundingBox></CoverageArea></ImageryProvider><ImageryProvider><Attribution>© 2012 IGN</Attribution><CoverageArea><ZoomMin>14</ZoomMin><ZoomMax>21</ZoomMax><BoundingBox><SouthLatitude>42</SouthLatitude><WestLongitude>-5</WestLongitude><NorthLatitude>51.25</NorthLatitude><EastLongitude>8.5</EastLongitude></BoundingBox></CoverageArea><CoverageArea><ZoomMin>14</ZoomMin><ZoomMax>21</ZoomMax><BoundingBox><SouthLatitude>41.25</SouthLatitude><WestLongitude>8.3</WestLongitude><NorthLatitude>43.1</NorthLatitude><EastLongitude>9.65</EastLongitude></BoundingBox></CoverageArea><CoverageArea><ZoomMin>14</ZoomMin><ZoomMax>21</ZoomMax><BoundingBox><SouthLatitude>17.85</SouthLatitude><WestLongitude>-63.17</WestLongitude><NorthLatitude>18.15</NorthLatitude><EastLongitude>-62.77</EastLongitude></BoundingBox></CoverageArea><CoverageArea><ZoomMin>14</ZoomMin><ZoomMax>21</ZoomMax><BoundingBox><SouthLatitude>15.75</SouthLatitude><WestLongitude>-61.9</WestLongitude><NorthLatitude>16.55</NorthLatitude><EastLongitude>-60.9</EastLongitude></BoundingBox></CoverageArea><CoverageArea><ZoomMin>14</ZoomMin><ZoomMax>21</ZoomMax><BoundingBox><SouthLatitude>14.35</SouthLatitude><WestLongitude>-61.25</WestLongitude><NorthLatitude>14.95</NorthLatitude><EastLongitude>-60.75</EastLongitude></BoundingBox></CoverageArea><CoverageArea><ZoomMin>14</ZoomMin><ZoomMax>21</ZoomMax><BoundingBox><SouthLatitude>2.25</SouthLatitude><WestLongitude>-54.65</WestLongitude><NorthLatitude>6</NorthLatitude><EastLongitude>-51.4</EastLongitude></BoundingBox></CoverageArea><CoverageArea><ZoomMin>14</ZoomMin><ZoomMax>21</ZoomMax><BoundingBox><SouthLatitude>-21.5</SouthLatitude><WestLongitude>55</WestLongitude><NorthLatitude>-20.75</NorthLatitude><EastLongitude>56</EastLongitude></BoundingBox></CoverageArea><CoverageArea><ZoomMin>14</ZoomMin><ZoomMax>21</ZoomMax><BoundingBox><SouthLatitude>46.7</SouthLatitude><WestLongitude>-56.5</WestLongitude><NorthLatitude>47.2</NorthLatitude><EastLongitude>-56.1</EastLongitude></BoundingBox></CoverageArea></ImageryProvider><ImageryProvider><Attribution>© Province of British Columbia</Attribution><CoverageArea><ZoomMin>14</ZoomMin><ZoomMax>18</ZoomMax><BoundingBox><SouthLatitude>48.99</SouthLatitude><WestLongitude>-139.05</WestLongitude><NorthLatitude>60</NorthLatitude><EastLongitude>-114.05</EastLongitude></BoundingBox></CoverageArea></ImageryProvider><ImageryProvider><Attribution>© 2012 Blom</Attribution><CoverageArea><ZoomMin>14</ZoomMin><ZoomMax>21</ZoomMax><BoundingBox><SouthLatitude>36.1</SouthLatitude><WestLongitude>-9.51</WestLongitude><NorthLatitude>51.04</NorthLatitude><EastLongitude>11.67</EastLongitude></BoundingBox></CoverageArea><CoverageArea><ZoomMin>14</ZoomMin><ZoomMax>21</ZoomMax><BoundingBox><SouthLatitude>55.69</SouthLatitude><WestLongitude>9.8</WestLongitude><NorthLatitude>61.17</NorthLatitude><EastLongitude>13.23</EastLongitude></BoundingBox></CoverageArea><CoverageArea><ZoomMin>14</ZoomMin><ZoomMax>21</ZoomMax><BoundingBox><SouthLatitude>62.2</SouthLatitude><WestLongitude>25.82</WestLongitude><NorthLatitude>62.24</NorthLatitude><EastLongitude>25.89</EastLongitude></BoundingBox></CoverageArea></ImageryProvider><ImageryProvider><Attribution>© 2012 Aerials Express</Attribution><CoverageArea><ZoomMin>14</ZoomMin><ZoomMax>21</ZoomMax><BoundingBox><SouthLatitude>34.63</SouthLatitude><WestLongitude>-90.41</WestLongitude><NorthLatitude>35.52</NorthLatitude><EastLongitude>-89.48</EastLongitude></BoundingBox></CoverageArea></ImageryProvider><ImageryProvider><Attribution>Image courtesy of LAR-IAC</Attribution><CoverageArea><ZoomMin>14</ZoomMin><ZoomMax>21</ZoomMax><BoundingBox><SouthLatitude>33.27</SouthLatitude><WestLongitude>-119.02</WestLongitude><NorthLatitude>34.9</NorthLatitude><EastLongitude>-117.59</EastLongitude></BoundingBox></CoverageArea></ImageryProvider><ImageryProvider><Attribution>Image courtesy of ImagePatch.com</Attribution><CoverageArea><ZoomMin>14</ZoomMin><ZoomMax>21</ZoomMax><BoundingBox><SouthLatitude>25.74</SouthLatitude><WestLongitude>-106.76</WestLongitude><NorthLatitude>36.63</NorthLatitude><EastLongitude>-93.97</EastLongitude></BoundingBox></CoverageArea><CoverageArea><ZoomMin>14</ZoomMin><ZoomMax>21</ZoomMax><BoundingBox><SouthLatitude>34.36</SouthLatitude><WestLongitude>-93.14</WestLongitude><NorthLatitude>35.44</NorthLatitude><EastLongitude>-92</EastLongitude></BoundingBox></CoverageArea></ImageryProvider><ImageryProvider><Attribution>State of Michigan</Attribution><CoverageArea><ZoomMin>14</ZoomMin><ZoomMax>21</ZoomMax><BoundingBox><SouthLatitude>41.68</SouthLatitude><WestLongitude>-86.87</WestLongitude><NorthLatitude>45.89</NorthLatitude><EastLongitude>-82.91</EastLongitude></BoundingBox></CoverageArea></ImageryProvider><ImageryProvider><Attribution>Earthstar Geographics  SIO</Attribution><CoverageArea><ZoomMin>1</ZoomMin><ZoomMax>8</ZoomMax><BoundingBox><SouthLatitude>-90</SouthLatitude><WestLongitude>-180</WestLongitude><NorthLatitude>90</NorthLatitude><EastLongitude>180</EastLongitude></BoundingBox></CoverageArea><CoverageArea><ZoomMin>10</ZoomMin><ZoomMax>13</ZoomMax><BoundingBox><SouthLatitude>70.61</SouthLatitude><WestLongitude>78.75</WestLongitude><NorthLatitude>71.52</NorthLatitude><EastLongitude>81.56</EastLongitude></BoundingBox></CoverageArea><CoverageArea><ZoomMin>10</ZoomMin><ZoomMax>13</ZoomMax><BoundingBox><SouthLatitude>68.66</SouthLatitude><WestLongitude>135</WestLongitude><NorthLatitude>69.66</NorthLatitude><EastLongitude>137.81</EastLongitude></BoundingBox></CoverageArea><CoverageArea><ZoomMin>10</ZoomMin><ZoomMax>13</ZoomMax><BoundingBox><SouthLatitude>67.61</SouthLatitude><WestLongitude>171.56</WestLongitude><NorthLatitude>68.66</NorthLatitude><EastLongitude>174.38</EastLongitude></BoundingBox></CoverageArea><CoverageArea><ZoomMin>10</ZoomMin><ZoomMax>13</ZoomMax><BoundingBox><SouthLatitude>67.61</SouthLatitude><WestLongitude>70.31</WestLongitude><NorthLatitude>68.66</NorthLatitude><EastLongitude>73.13</EastLongitude></BoundingBox></CoverageArea><CoverageArea><ZoomMin>10</ZoomMin><ZoomMax>13</ZoomMax><BoundingBox><SouthLatitude>66.51</SouthLatitude><WestLongitude>-180</WestLongitude><NorthLatitude>67.61</NorthLatitude><EastLongitude>-177.19</EastLongitude></BoundingBox></CoverageArea><CoverageArea><ZoomMin>10</ZoomMin><ZoomMax>13</ZoomMax><BoundingBox><SouthLatitude>65.37</SouthLatitude><WestLongitude>36.56</WestLongitude><NorthLatitude>66.51</NorthLatitude><EastLongitude>39.38</EastLongitude></BoundingBox></CoverageArea><CoverageArea><ZoomMin>10</ZoomMin><ZoomMax>13</ZoomMax><BoundingBox><SouthLatitude>64.17</SouthLatitude><WestLongitude>-171.56</WestLongitude><NorthLatitude>65.37</NorthLatitude><EastLongitude>-168.75</EastLongitude></BoundingBox></CoverageArea><CoverageArea><ZoomMin>10</ZoomMin><ZoomMax>13</ZoomMax><BoundingBox><SouthLatitude>54.16</SouthLatitude><WestLongitude>-70.31</WestLongitude><NorthLatitude>55.78</NorthLatitude><EastLongitude>-67.5</EastLongitude></BoundingBox></CoverageArea><CoverageArea><ZoomMin>10</ZoomMin><ZoomMax>13</ZoomMax><BoundingBox><SouthLatitude>52.48</SouthLatitude><WestLongitude>-180</WestLongitude><NorthLatitude>65.37</NorthLatitude><EastLongitude>-163.13</EastLongitude></BoundingBox></CoverageArea><CoverageArea><ZoomMin>10</ZoomMin><ZoomMax>13</ZoomMax><BoundingBox><SouthLatitude>47.04</SouthLatitude><WestLongitude>140.63</WestLongitude><NorthLatitude>58.81</NorthLatitude><EastLongitude>154.69</EastLongitude></BoundingBox></CoverageArea><CoverageArea><ZoomMin>10</ZoomMin><ZoomMax>13</ZoomMax><BoundingBox><SouthLatitude>36.6</SouthLatitude><WestLongitude>132.19</WestLongitude><NorthLatitude>40.98</NorthLatitude><EastLongitude>137.81</EastLongitude></BoundingBox></CoverageArea><CoverageArea><ZoomMin>10</ZoomMin><ZoomMax>13</ZoomMax><BoundingBox><SouthLatitude>31.95</SouthLatitude><WestLongitude>64.69</WestLongitude><NorthLatitude>34.31</NorthLatitude><EastLongitude>67.5</EastLongitude></BoundingBox></CoverageArea><CoverageArea><ZoomMin>10</ZoomMin><ZoomMax>13</ZoomMax><BoundingBox><SouthLatitude>31.95</SouthLatitude><WestLongitude>28.13</WestLongitude><NorthLatitude>34.31</NorthLatitude><EastLongitude>33.75</EastLongitude></BoundingBox></CoverageArea><CoverageArea><ZoomMin>10</ZoomMin><ZoomMax>13</ZoomMax><BoundingBox><SouthLatitude>31.95</SouthLatitude><WestLongitude>16.88</WestLongitude><NorthLatitude>38.82</NorthLatitude><EastLongitude>19.69</EastLongitude></BoundingBox></CoverageArea><CoverageArea><ZoomMin>10</ZoomMin><ZoomMax>13</ZoomMax><BoundingBox><SouthLatitude>29.54</SouthLatitude><WestLongitude>61.88</WestLongitude><NorthLatitude>31.95</NorthLatitude><EastLongitude>64.69</EastLongitude></BoundingBox></CoverageArea><CoverageArea><ZoomMin>10</ZoomMin><ZoomMax>13</ZoomMax><BoundingBox><SouthLatitude>27.06</SouthLatitude><WestLongitude>123.75</WestLongitude><NorthLatitude>31.95</NorthLatitude><EastLongitude>129.38</EastLongitude></BoundingBox></CoverageArea><CoverageArea><ZoomMin>10</ZoomMin><ZoomMax>13</ZoomMax><BoundingBox><SouthLatitude>24.53</SouthLatitude><WestLongitude>2.81</WestLongitude><NorthLatitude>27.06</NorthLatitude><EastLongitude>5.63</EastLongitude></BoundingBox></CoverageArea><CoverageArea><ZoomMin>10</ZoomMin><ZoomMax>13</ZoomMax><BoundingBox><SouthLatitude>19.31</SouthLatitude><WestLongitude>16.88</WestLongitude><NorthLatitude>27.06</NorthLatitude><EastLongitude>22.5</EastLongitude></BoundingBox></CoverageArea><CoverageArea><ZoomMin>10</ZoomMin><ZoomMax>13</ZoomMax><BoundingBox><SouthLatitude>19.31</SouthLatitude><WestLongitude>-8.44</WestLongitude><NorthLatitude>27.06</NorthLatitude><EastLongitude>-2.81</EastLongitude></BoundingBox></CoverageArea><CoverageArea><ZoomMin>10</ZoomMin><ZoomMax>13</ZoomMax><BoundingBox><SouthLatitude>19.31</SouthLatitude><WestLongitude>-95.63</WestLongitude><NorthLatitude>29.54</NorthLatitude><EastLongitude>-84.38</EastLongitude></BoundingBox></CoverageArea><CoverageArea><ZoomMin>10</ZoomMin><ZoomMax>13</ZoomMax><BoundingBox><SouthLatitude>16.64</SouthLatitude><WestLongitude>-87.19</WestLongitude><NorthLatitude>19.31</NorthLatitude><EastLongitude>-81.56</EastLongitude></BoundingBox></CoverageArea><CoverageArea><ZoomMin>10</ZoomMin><ZoomMax>13</ZoomMax><BoundingBox><SouthLatitude>11.18</SouthLatitude><WestLongitude>-81.56</WestLongitude><NorthLatitude>16.64</NorthLatitude><EastLongitude>-61.88</EastLongitude></BoundingBox></CoverageArea><CoverageArea><ZoomMin>10</ZoomMin><ZoomMax>13</ZoomMax><BoundingBox><SouthLatitude>5.62</SouthLatitude><WestLongitude>106.88</WestLongitude><NorthLatitude>21.94</NorthLatitude><EastLongitude>118.13</EastLongitude></BoundingBox></CoverageArea><CoverageArea><ZoomMin>10</ZoomMin><ZoomMax>13</ZoomMax><BoundingBox><SouthLatitude>-11.18</SouthLatitude><WestLongitude>143.44</WestLongitude><NorthLatitude>-8.41</NorthLatitude><EastLongitude>146.25</EastLongitude></BoundingBox></CoverageArea><CoverageArea><ZoomMin>10</ZoomMin><ZoomMax>13</ZoomMax><BoundingBox><SouthLatitude>-13.92</SouthLatitude><WestLongitude>177.19</WestLongitude><NorthLatitude>-11.18</NorthLatitude><EastLongitude>180</EastLongitude></BoundingBox></CoverageArea><CoverageArea><ZoomMin>10</ZoomMin><ZoomMax>13</ZoomMax><BoundingBox><SouthLatitude>-13.92</SouthLatitude><WestLongitude>137.81</WestLongitude><NorthLatitude>-11.18</NorthLatitude><EastLongitude>140.63</EastLongitude></BoundingBox></CoverageArea><CoverageArea><ZoomMin>10</ZoomMin><ZoomMax>13</ZoomMax><BoundingBox><SouthLatitude>-85.05</SouthLatitude><WestLongitude>-180</WestLongitude><NorthLatitude>85.05</NorthLatitude><EastLongitude>180</EastLongitude></BoundingBox></CoverageArea><CoverageArea><ZoomMin>10</ZoomMin><ZoomMax>17</ZoomMax><BoundingBox><SouthLatitude>76.18</SouthLatitude><WestLongitude>67.5</WestLongitude><NorthLatitude>77.47</NorthLatitude><EastLongitude>70.31</EastLongitude></BoundingBox></CoverageArea><CoverageArea><ZoomMin>10</ZoomMin><ZoomMax>17</ZoomMax><BoundingBox><SouthLatitude>74.02</SouthLatitude><WestLongitude>59.06</WestLongitude><NorthLatitude>75.5</NorthLatitude><EastLongitude>61.88</EastLongitude></BoundingBox></CoverageArea><CoverageArea><ZoomMin>10</ZoomMin><ZoomMax>17</ZoomMax><BoundingBox><SouthLatitude>71.52</SouthLatitude><WestLongitude>118.13</WestLongitude><NorthLatitude>73.23</NorthLatitude><EastLongitude>120.94</EastLongitude></BoundingBox></CoverageArea><CoverageArea><ZoomMin>10</ZoomMin><ZoomMax>17</ZoomMax><BoundingBox><SouthLatitude>70.61</SouthLatitude><WestLongitude>154.69</WestLongitude><NorthLatitude>71.52</NorthLatitude><EastLongitude>157.5</EastLongitude></BoundingBox></CoverageArea><CoverageArea><ZoomMin>10</ZoomMin><ZoomMax>17</ZoomMax><BoundingBox><SouthLatitude>70.61</SouthLatitude><WestLongitude>146.25</WestLongitude><NorthLatitude>72.4</NorthLatitude><EastLongitude>151.88</EastLongitude></BoundingBox></CoverageArea><CoverageArea><ZoomMin>10</ZoomMin><ZoomMax>17</ZoomMax><BoundingBox><SouthLatitude>70.61</SouthLatitude><WestLongitude>50.63</WestLongitude><NorthLatitude>74.78</NorthLatitude><EastLongitude>56.25</EastLongitude></BoundingBox></CoverageArea><CoverageArea><ZoomMin>10</ZoomMin><ZoomMax>17</ZoomMax><BoundingBox><SouthLatitude>70.61</SouthLatitude><WestLongitude>-11.25</WestLongitude><NorthLatitude>71.52</NorthLatitude><EastLongitude>-5.63</EastLongitude></BoundingBox></CoverageArea><CoverageArea><ZoomMin>10</ZoomMin><ZoomMax>17</ZoomMax><BoundingBox><SouthLatitude>70.61</SouthLatitude><WestLongitude>-180</WestLongitude><NorthLatitude>72.4</NorthLatitude><EastLongitude>-177.19</EastLongitude></BoundingBox></CoverageArea><CoverageArea><ZoomMin>10</ZoomMin><ZoomMax>17</ZoomMax><BoundingBox><SouthLatitude>67.61</SouthLatitude><WestLongitude>-180</WestLongitude><NorthLatitude>69.66</NorthLatitude><EastLongitude>-177.19</EastLongitude></BoundingBox></CoverageArea><CoverageArea><ZoomMin>10</ZoomMin><ZoomMax>17</ZoomMax><BoundingBox><SouthLatitude>62.92</SouthLatitude><WestLongitude>-25.31</WestLongitude><NorthLatitude>67.61</NorthLatitude><EastLongitude>-11.25</EastLongitude></BoundingBox></CoverageArea><CoverageArea><ZoomMin>10</ZoomMin><ZoomMax>17</ZoomMax><BoundingBox><SouthLatitude>62.92</SouthLatitude><WestLongitude>-56.25</WestLongitude><NorthLatitude>70.61</NorthLatitude><EastLongitude>-50.63</EastLongitude></BoundingBox></CoverageArea><CoverageArea><ZoomMin>10</ZoomMin><ZoomMax>17</ZoomMax><BoundingBox><SouthLatitude>62.92</SouthLatitude><WestLongitude>-70.31</WestLongitude><NorthLatitude>64.17</NorthLatitude><EastLongitude>-67.5</EastLongitude></BoundingBox></CoverageArea><CoverageArea><ZoomMin>10</ZoomMin><ZoomMax>17</ZoomMax><BoundingBox><SouthLatitude>58.81</SouthLatitude><WestLongitude>-47.81</WestLongitude><NorthLatitude>61.61</NorthLatitude><EastLongitude>-42.19</EastLongitude></BoundingBox></CoverageArea><CoverageArea><ZoomMin>10</ZoomMin><ZoomMax>17</ZoomMax><BoundingBox><SouthLatitude>52.48</SouthLatitude><WestLongitude>171.56</WestLongitude><NorthLatitude>54.16</NorthLatitude><EastLongitude>174.38</EastLongitude></BoundingBox></CoverageArea><CoverageArea><ZoomMin>10</ZoomMin><ZoomMax>17</ZoomMax><BoundingBox><SouthLatitude>50.74</SouthLatitude><WestLongitude>0</WestLongitude><NorthLatitude>54.16</NorthLatitude><EastLongitude>5.63</EastLongitude></BoundingBox></CoverageArea><CoverageArea><ZoomMin>10</ZoomMin><ZoomMax>17</ZoomMax><BoundingBox><SouthLatitude>47.04</SouthLatitude><WestLongitude>-11.25</WestLongitude><NorthLatitude>61.61</NorthLatitude><EastLongitude>0</EastLongitude></BoundingBox></CoverageArea><CoverageArea><ZoomMin>10</ZoomMin><ZoomMax>17</ZoomMax><BoundingBox><SouthLatitude>38.82</SouthLatitude><WestLongitude>-33.75</WestLongitude><NorthLatitude>40.98</NorthLatitude><EastLongitude>-30.94</EastLongitude></BoundingBox></CoverageArea><CoverageArea><ZoomMin>10</ZoomMin><ZoomMax>17</ZoomMax><BoundingBox><SouthLatitude>38.82</SouthLatitude><WestLongitude>-73.13</WestLongitude><NorthLatitude>40.98</NorthLatitude><EastLongitude>-70.31</EastLongitude></BoundingBox></CoverageArea><CoverageArea><ZoomMin>10</ZoomMin><ZoomMax>17</ZoomMax><BoundingBox><SouthLatitude>36.6</SouthLatitude><WestLongitude>-11.25</WestLongitude><NorthLatitude>45.09</NorthLatitude><EastLongitude>-2.81</EastLongitude></BoundingBox></CoverageArea><CoverageArea><ZoomMin>10</ZoomMin><ZoomMax>17</ZoomMax><BoundingBox><SouthLatitude>36.6</SouthLatitude><WestLongitude>-30.94</WestLongitude><NorthLatitude>40.98</NorthLatitude><EastLongitude>-22.5</EastLongitude></BoundingBox></CoverageArea><CoverageArea><ZoomMin>10</ZoomMin><ZoomMax>17</ZoomMax><BoundingBox><SouthLatitude>34.31</SouthLatitude><WestLongitude>-75.94</WestLongitude><NorthLatitude>38.82</NorthLatitude><EastLongitude>-73.13</EastLongitude></BoundingBox></CoverageArea><CoverageArea><ZoomMin>10</ZoomMin><ZoomMax>17</ZoomMax><BoundingBox><SouthLatitude>34.31</SouthLatitude><WestLongitude>-123.75</WestLongitude><NorthLatitude>36.6</NorthLatitude><EastLongitude>-120.94</EastLongitude></BoundingBox></CoverageArea><CoverageArea><ZoomMin>10</ZoomMin><ZoomMax>17</ZoomMax><BoundingBox><SouthLatitude>31.95</SouthLatitude><WestLongitude>-67.5</WestLongitude><NorthLatitude>34.31</NorthLatitude><EastLongitude>-64.69</EastLongitude></BoundingBox></CoverageArea><CoverageArea><ZoomMin>10</ZoomMin><ZoomMax>17</ZoomMax><BoundingBox><SouthLatitude>31.95</SouthLatitude><WestLongitude>-78.75</WestLongitude><NorthLatitude>34.31</NorthLatitude><EastLongitude>-75.94</EastLongitude></BoundingBox></CoverageArea><CoverageArea><ZoomMin>10</ZoomMin><ZoomMax>17</ZoomMax><BoundingBox><SouthLatitude>31.95</SouthLatitude><WestLongitude>-120.94</WestLongitude><NorthLatitude>34.31</NorthLatitude><EastLongitude>-118.13</EastLongitude></BoundingBox></CoverageArea><CoverageArea><ZoomMin>10</ZoomMin><ZoomMax>17</ZoomMax><BoundingBox><SouthLatitude>27.06</SouthLatitude><WestLongitude>-95.63</WestLongitude><NorthLatitude>29.54</NorthLatitude><EastLongitude>-87.19</EastLongitude></BoundingBox></CoverageArea><CoverageArea><ZoomMin>10</ZoomMin><ZoomMax>17</ZoomMax><BoundingBox><SouthLatitude>27.06</SouthLatitude><WestLongitude>-180</WestLongitude><NorthLatitude>29.54</NorthLatitude><EastLongitude>-177.19</EastLongitude></BoundingBox></CoverageArea><CoverageArea><ZoomMin>10</ZoomMin><ZoomMax>17</ZoomMax><BoundingBox><SouthLatitude>24.53</SouthLatitude><WestLongitude>-174.38</WestLongitude><NorthLatitude>27.06</NorthLatitude><EastLongitude>-171.56</EastLongitude></BoundingBox></CoverageArea><CoverageArea><ZoomMin>10</ZoomMin><ZoomMax>17</ZoomMax><BoundingBox><SouthLatitude>16.64</SouthLatitude><WestLongitude>-163.13</WestLongitude><NorthLatitude>24.53</NorthLatitude><EastLongitude>-154.69</EastLongitude></BoundingBox></CoverageArea><CoverageArea><ZoomMin>10</ZoomMin><ZoomMax>17</ZoomMax><BoundingBox><SouthLatitude>13.92</SouthLatitude><WestLongitude>-25.31</WestLongitude><NorthLatitude>19.31</NorthLatitude><EastLongitude>-22.5</EastLongitude></BoundingBox></CoverageArea><CoverageArea><ZoomMin>10</ZoomMin><ZoomMax>17</ZoomMax><BoundingBox><SouthLatitude>13.92</SouthLatitude><WestLongitude>-171.56</WestLongitude><NorthLatitude>19.31</NorthLatitude><EastLongitude>-168.75</EastLongitude></BoundingBox></CoverageArea><CoverageArea><ZoomMin>10</ZoomMin><ZoomMax>17</ZoomMax><BoundingBox><SouthLatitude>11.18</SouthLatitude><WestLongitude>143.44</WestLongitude><NorthLatitude>21.94</NorthLatitude><EastLongitude>146.25</EastLongitude></BoundingBox></CoverageArea><CoverageArea><ZoomMin>10</ZoomMin><ZoomMax>17</ZoomMax><BoundingBox><SouthLatitude>8.41</SouthLatitude><WestLongitude>137.81</WestLongitude><NorthLatitude>11.18</NorthLatitude><EastLongitude>140.63</EastLongitude></BoundingBox></CoverageArea><CoverageArea><ZoomMin>10</ZoomMin><ZoomMax>17</ZoomMax><BoundingBox><SouthLatitude>8.41</SouthLatitude><WestLongitude>-109.69</WestLongitude><NorthLatitude>11.18</NorthLatitude><EastLongitude>-106.88</EastLongitude></BoundingBox></CoverageArea><CoverageArea><ZoomMin>10</ZoomMin><ZoomMax>17</ZoomMax><BoundingBox><SouthLatitude>5.62</SouthLatitude><WestLongitude>157.5</WestLongitude><NorthLatitude>8.41</NorthLatitude><EastLongitude>160.31</EastLongitude></BoundingBox></CoverageArea><CoverageArea><ZoomMin>10</ZoomMin><ZoomMax>17</ZoomMax><BoundingBox><SouthLatitude>5.62</SouthLatitude><WestLongitude>149.06</WestLongitude><NorthLatitude>11.18</NorthLatitude><EastLongitude>154.69</EastLongitude></BoundingBox></CoverageArea><CoverageArea><ZoomMin>10</ZoomMin><ZoomMax>17</ZoomMax><BoundingBox><SouthLatitude>5.62</SouthLatitude><WestLongitude>132.19</WestLongitude><NorthLatitude>8.41</NorthLatitude><EastLongitude>135</EastLongitude></BoundingBox></CoverageArea><CoverageArea><ZoomMin>10</ZoomMin><ZoomMax>17</ZoomMax><BoundingBox><SouthLatitude>0</SouthLatitude><WestLongitude>-177.19</WestLongitude><NorthLatitude>2.81</NorthLatitude><EastLongitude>-174.38</EastLongitude></BoundingBox></CoverageArea><CoverageArea><ZoomMin>10</ZoomMin><ZoomMax>17</ZoomMax><BoundingBox><SouthLatitude>-2.81</SouthLatitude><WestLongitude>165.94</WestLongitude><NorthLatitude>0</NorthLatitude><EastLongitude>168.75</EastLongitude></BoundingBox></CoverageArea><CoverageArea><ZoomMin>10</ZoomMin><ZoomMax>17</ZoomMax><BoundingBox><SouthLatitude>-2.81</SouthLatitude><WestLongitude>-92.81</WestLongitude><NorthLatitude>2.81</NorthLatitude><EastLongitude>-87.19</EastLongitude></BoundingBox></CoverageArea><CoverageArea><ZoomMin>10</ZoomMin><ZoomMax>17</ZoomMax><BoundingBox><SouthLatitude>-2.81</SouthLatitude><WestLongitude>-163.13</WestLongitude><NorthLatitude>8.41</NorthLatitude><EastLongitude>-154.69</EastLongitude></BoundingBox></CoverageArea><CoverageArea><ZoomMin>10</ZoomMin><ZoomMax>17</ZoomMax><BoundingBox><SouthLatitude>-5.62</SouthLatitude><WestLongitude>53.44</WestLongitude><NorthLatitude>-2.81</NorthLatitude><EastLongitude>56.25</EastLongitude></BoundingBox></CoverageArea><CoverageArea><ZoomMin>10</ZoomMin><ZoomMax>17</ZoomMax><BoundingBox><SouthLatitude>-8.41</SouthLatitude><WestLongitude>70.31</WestLongitude><NorthLatitude>-5.62</NorthLatitude><EastLongitude>73.13</EastLongitude></BoundingBox></CoverageArea><CoverageArea><ZoomMin>10</ZoomMin><ZoomMax>17</ZoomMax><BoundingBox><SouthLatitude>-11.18</SouthLatitude><WestLongitude>160.31</WestLongitude><NorthLatitude>21.94</NorthLatitude><EastLongitude>180</EastLongitude></BoundingBox></CoverageArea><CoverageArea><ZoomMin>10</ZoomMin><ZoomMax>17</ZoomMax><BoundingBox><SouthLatitude>-11.18</SouthLatitude><WestLongitude>-140.63</WestLongitude><NorthLatitude>-5.62</NorthLatitude><EastLongitude>-137.81</EastLongitude></BoundingBox></CoverageArea><CoverageArea><ZoomMin>10</ZoomMin><ZoomMax>17</ZoomMax><BoundingBox><SouthLatitude>-13.92</SouthLatitude><WestLongitude>174.38</WestLongitude><NorthLatitude>-11.18</NorthLatitude><EastLongitude>177.19</EastLongitude></BoundingBox></CoverageArea><CoverageArea><ZoomMin>10</ZoomMin><ZoomMax>17</ZoomMax><BoundingBox><SouthLatitude>-13.92</SouthLatitude><WestLongitude>95.63</WestLongitude><NorthLatitude>-11.18</NorthLatitude><EastLongitude>98.44</EastLongitude></BoundingBox></CoverageArea><CoverageArea><ZoomMin>10</ZoomMin><ZoomMax>17</ZoomMax><BoundingBox><SouthLatitude>-16.64</SouthLatitude><WestLongitude>-8.44</WestLongitude><NorthLatitude>-13.92</NorthLatitude><EastLongitude>-5.63</EastLongitude></BoundingBox></CoverageArea><CoverageArea><ZoomMin>10</ZoomMin><ZoomMax>17</ZoomMax><BoundingBox><SouthLatitude>-19.31</SouthLatitude><WestLongitude>-154.69</WestLongitude><NorthLatitude>-13.92</NorthLatitude><EastLongitude>-140.63</EastLongitude></BoundingBox></CoverageArea><CoverageArea><ZoomMin>10</ZoomMin><ZoomMax>17</ZoomMax><BoundingBox><SouthLatitude>-21.94</SouthLatitude><WestLongitude>174.38</WestLongitude><NorthLatitude>-13.92</NorthLatitude><EastLongitude>180</EastLongitude></BoundingBox></CoverageArea><CoverageArea><ZoomMin>10</ZoomMin><ZoomMax>17</ZoomMax><BoundingBox><SouthLatitude>-21.94</SouthLatitude><WestLongitude>61.88</WestLongitude><NorthLatitude>-19.31</NorthLatitude><EastLongitude>64.69</EastLongitude></BoundingBox></CoverageArea><CoverageArea><ZoomMin>10</ZoomMin><ZoomMax>17</ZoomMax><BoundingBox><SouthLatitude>-21.94</SouthLatitude><WestLongitude>53.44</WestLongitude><NorthLatitude>-19.31</NorthLatitude><EastLongitude>59.06</EastLongitude></BoundingBox></CoverageArea><CoverageArea><ZoomMin>10</ZoomMin><ZoomMax>17</ZoomMax><BoundingBox><SouthLatitude>-24.53</SouthLatitude><WestLongitude>-140.63</WestLongitude><NorthLatitude>-19.31</NorthLatitude><EastLongitude>-132.19</EastLongitude></BoundingBox></CoverageArea><CoverageArea><ZoomMin>10</ZoomMin><ZoomMax>17</ZoomMax><BoundingBox><SouthLatitude>38.82</SouthLatitude><WestLongitude>-180</WestLongitude><NorthLatitude>71.52</NorthLatitude><EastLongitude>-50.63</EastLongitude></BoundingBox></CoverageArea><CoverageArea><ZoomMin>10</ZoomMin><ZoomMax>17</ZoomMax><BoundingBox><SouthLatitude>-24.53</SouthLatitude><WestLongitude>-151.88</WestLongitude><NorthLatitude>-21.94</NorthLatitude><EastLongitude>-146.25</EastLongitude></BoundingBox></CoverageArea><CoverageArea><ZoomMin>10</ZoomMin><ZoomMax>17</ZoomMax><BoundingBox><SouthLatitude>-24.53</SouthLatitude><WestLongitude>-160.31</WestLongitude><NorthLatitude>-16.64</NorthLatitude><EastLongitude>-157.5</EastLongitude></BoundingBox></CoverageArea><CoverageArea><ZoomMin>10</ZoomMin><ZoomMax>17</ZoomMax><BoundingBox><SouthLatitude>-24.53</SouthLatitude><WestLongitude>-180</WestLongitude><NorthLatitude>0</NorthLatitude><EastLongitude>-160.31</EastLongitude></BoundingBox></CoverageArea><CoverageArea><ZoomMin>10</ZoomMin><ZoomMax>17</ZoomMax><BoundingBox><SouthLatitude>-27.06</SouthLatitude><WestLongitude>-81.56</WestLongitude><NorthLatitude>-24.53</NorthLatitude><EastLongitude>-78.75</EastLongitude></BoundingBox></CoverageArea><CoverageArea><ZoomMin>10</ZoomMin><ZoomMax>17</ZoomMax><BoundingBox><SouthLatitude>-27.06</SouthLatitude><WestLongitude>-132.19</WestLongitude><NorthLatitude>-21.94</NorthLatitude><EastLongitude>-126.56</EastLongitude></BoundingBox></CoverageArea><CoverageArea><ZoomMin>10</ZoomMin><ZoomMax>17</ZoomMax><BoundingBox><SouthLatitude>-29.54</SouthLatitude><WestLongitude>165.94</WestLongitude><NorthLatitude>-27.06</NorthLatitude><EastLongitude>168.75</EastLongitude></BoundingBox></CoverageArea><CoverageArea><ZoomMin>10</ZoomMin><ZoomMax>17</ZoomMax><BoundingBox><SouthLatitude>-29.54</SouthLatitude><WestLongitude>-109.69</WestLongitude><NorthLatitude>-24.53</NorthLatitude><EastLongitude>-106.88</EastLongitude></BoundingBox></CoverageArea><CoverageArea><ZoomMin>10</ZoomMin><ZoomMax>17</ZoomMax><BoundingBox><SouthLatitude>-29.54</SouthLatitude><WestLongitude>-146.25</WestLongitude><NorthLatitude>-27.06</NorthLatitude><EastLongitude>-143.44</EastLongitude></BoundingBox></CoverageArea><CoverageArea><ZoomMin>10</ZoomMin><ZoomMax>17</ZoomMax><BoundingBox><SouthLatitude>-31.95</SouthLatitude><WestLongitude>157.5</WestLongitude><NorthLatitude>-29.54</NorthLatitude><EastLongitude>160.31</EastLongitude></BoundingBox></CoverageArea><CoverageArea><ZoomMin>10</ZoomMin><ZoomMax>17</ZoomMax><BoundingBox><SouthLatitude>-34.31</SouthLatitude><WestLongitude>-81.56</WestLongitude><NorthLatitude>-31.95</NorthLatitude><EastLongitude>-78.75</EastLongitude></BoundingBox></CoverageArea><CoverageArea><ZoomMin>10</ZoomMin><ZoomMax>17</ZoomMax><BoundingBox><SouthLatitude>-45.09</SouthLatitude><WestLongitude>-19.69</WestLongitude><NorthLatitude>74.02</NorthLatitude><EastLongitude>180</EastLongitude></BoundingBox></CoverageArea><CoverageArea><ZoomMin>10</ZoomMin><ZoomMax>17</ZoomMax><BoundingBox><SouthLatitude>-45.09</SouthLatitude><WestLongitude>-177.19</WestLongitude><NorthLatitude>-43.07</NorthLatitude><EastLongitude>-174.38</EastLongitude></BoundingBox></CoverageArea><CoverageArea><ZoomMin>10</ZoomMin><ZoomMax>17</ZoomMax><BoundingBox><SouthLatitude>-47.04</SouthLatitude><WestLongitude>50.63</WestLongitude><NorthLatitude>-45.09</NorthLatitude><EastLongitude>53.44</EastLongitude></BoundingBox></CoverageArea><CoverageArea><ZoomMin>10</ZoomMin><ZoomMax>17</ZoomMax><BoundingBox><SouthLatitude>-47.04</SouthLatitude><WestLongitude>36.56</WestLongitude><NorthLatitude>-45.09</NorthLatitude><EastLongitude>39.38</EastLongitude></BoundingBox></CoverageArea><CoverageArea><ZoomMin>10</ZoomMin><ZoomMax>17</ZoomMax><BoundingBox><SouthLatitude>-48.92</SouthLatitude><WestLongitude>177.19</WestLongitude><NorthLatitude>-47.04</NorthLatitude><EastLongitude>180</EastLongitude></BoundingBox></CoverageArea><CoverageArea><ZoomMin>10</ZoomMin><ZoomMax>17</ZoomMax><BoundingBox><SouthLatitude>-50.74</SouthLatitude><WestLongitude>67.5</WestLongitude><NorthLatitude>-47.04</NorthLatitude><EastLongitude>73.13</EastLongitude></BoundingBox></CoverageArea><CoverageArea><ZoomMin>10</ZoomMin><ZoomMax>17</ZoomMax><BoundingBox><SouthLatitude>-54.16</SouthLatitude><WestLongitude>165.94</WestLongitude><NorthLatitude>-34.31</NorthLatitude><EastLongitude>180</EastLongitude></BoundingBox></CoverageArea><CoverageArea><ZoomMin>10</ZoomMin><ZoomMax>17</ZoomMax><BoundingBox><SouthLatitude>-54.16</SouthLatitude><WestLongitude>73.13</WestLongitude><NorthLatitude>-52.48</NorthLatitude><EastLongitude>75.94</EastLongitude></BoundingBox></CoverageArea><CoverageArea><ZoomMin>10</ZoomMin><ZoomMax>17</ZoomMax><BoundingBox><SouthLatitude>-54.16</SouthLatitude><WestLongitude>-61.88</WestLongitude><NorthLatitude>-50.74</NorthLatitude><EastLongitude>-56.25</EastLongitude></BoundingBox></CoverageArea><CoverageArea><ZoomMin>10</ZoomMin><ZoomMax>17</ZoomMax><BoundingBox><SouthLatitude>-55.78</SouthLatitude><WestLongitude>157.5</WestLongitude><NorthLatitude>-54.16</NorthLatitude><EastLongitude>160.31</EastLongitude></BoundingBox></CoverageArea><CoverageArea><ZoomMin>10</ZoomMin><ZoomMax>17</ZoomMax><BoundingBox><SouthLatitude>-55.78</SouthLatitude><WestLongitude>-39.38</WestLongitude><NorthLatitude>-52.48</NorthLatitude><EastLongitude>-33.75</EastLongitude></BoundingBox></CoverageArea><CoverageArea><ZoomMin>10</ZoomMin><ZoomMax>17</ZoomMax><BoundingBox><SouthLatitude>-57.33</SouthLatitude><WestLongitude>-120.94</WestLongitude><NorthLatitude>31.95</NorthLatitude><EastLongitude>-30.94</EastLongitude></BoundingBox></CoverageArea><CoverageArea><ZoomMin>10</ZoomMin><ZoomMax>17</ZoomMax><BoundingBox><SouthLatitude>-58.81</SouthLatitude><WestLongitude>-28.13</WestLongitude><NorthLatitude>-57.33</NorthLatitude><EastLongitude>-25.31</EastLongitude></BoundingBox></CoverageArea><CoverageArea><ZoomMin>10</ZoomMin><ZoomMax>17</ZoomMax><BoundingBox><SouthLatitude>-61.61</SouthLatitude><WestLongitude>-47.81</WestLongitude><NorthLatitude>-60.24</NorthLatitude><EastLongitude>-42.19</EastLongitude></BoundingBox></CoverageArea></ImageryProvider><ImageryProvider><Attribution>© 2013 Nokia</Attribution><CoverageArea><ZoomMin>10</ZoomMin><ZoomMax>17</ZoomMax><BoundingBox><SouthLatitude>47.04</SouthLatitude><WestLongitude>67.5</WestLongitude><NorthLatitude>48.92</NorthLatitude><EastLongitude>70.31</EastLongitude></BoundingBox></CoverageArea><CoverageArea><ZoomMin>10</ZoomMin><ZoomMax>17</ZoomMax><BoundingBox><SouthLatitude>21.94</SouthLatitude><WestLongitude>45</WestLongitude><NorthLatitude>24.53</NorthLatitude><EastLongitude>47.81</EastLongitude></BoundingBox></CoverageArea><CoverageArea><ZoomMin>10</ZoomMin><ZoomMax>17</ZoomMax><BoundingBox><SouthLatitude>-19.31</SouthLatitude><WestLongitude>14.06</WestLongitude><NorthLatitude>-16.64</NorthLatitude><EastLongitude>16.88</EastLongitude></BoundingBox></CoverageArea><CoverageArea><ZoomMin>10</ZoomMin><ZoomMax>17</ZoomMax><BoundingBox><SouthLatitude>-38.82</SouthLatitude><WestLongitude>-64.69</WestLongitude><NorthLatitude>-36.6</NorthLatitude><EastLongitude>-61.88</EastLongitude></BoundingBox></CoverageArea><CoverageArea><ZoomMin>10</ZoomMin><ZoomMax>17</ZoomMax><BoundingBox><SouthLatitude>-47.04</SouthLatitude><WestLongitude>-70.31</WestLongitude><NorthLatitude>-45.09</NorthLatitude><EastLongitude>-67.5</EastLongitude></BoundingBox></CoverageArea></ImageryProvider><ImageryProvider><Attribution>© AND</Attribution><CoverageArea><ZoomMin>1</ZoomMin><ZoomMax>21</ZoomMax><BoundingBox><SouthLatitude>-90</SouthLatitude><WestLongitude>-180</WestLongitude><NorthLatitude>90</NorthLatitude><EastLongitude>180</EastLongitude></BoundingBox></CoverageArea></ImageryProvider></ImageryMetadata></Resources></ResourceSet></ResourceSets></Response>