<?xml version="1.0" encoding="UTF-8" standalone="yes"?><wms-cache tileSize="500" totalFileSize="394156"><projection name="EPSG:3857" cache-directory="mercator"><entry><pixelPerDegree>0.044051635782533745</pixelPerDegree><east>964776.886148029</east><north>8739743.55687038</north><lastUsed>2013-04-11</lastUsed><lastModified>2013-04-11</lastModified><filename>1.08 km_61,49_8,7.jpg</filename></entry><entry><pixelPerDegree>0.044051635782533745</pixelPerDegree><east>976127.2024556529</east><north>8739743.55687038</north><lastUsed>2013-04-11</lastUsed><lastModified>2013-04-11</lastModified><filename>1.08 km_61,49_8,8.jpg</filename></entry><entry><pixelPerDegree>0.044051635782533745</pixelPerDegree><east>964776.886148029</east><north>8728393.240562757</north><lastUsed>2013-04-11</lastUsed><lastModified>2013-04-11</lastModified><filename>1.09 km_61,44_8,7.jpg</filename></entry><entry><pixelPerDegree>0.044051635782533745</pixelPerDegree><east>976127.2024556529</east><north>8728393.240562757</north><lastUsed>2013-04-11</lastUsed><lastModified>2013-04-11</lastModified><filename>1.09 km_61,44_8,8.jpg</filename></entry><entry><pixelPerDegree>0.044051635782533745</pixelPerDegree><east>987477.5187632767</east><north>8728393.240562757</north><lastUsed>2013-04-11</lastUsed><lastModified>2013-04-11</lastModified><filename>1.09 km_61,44_8,9.jpg</filename></entry><entry><pixelPerDegree>0.044051635782533745</pixelPerDegree><east>987477.5187632767</east><north>8739743.55687038</north><lastUsed>2013-04-11</lastUsed><lastModified>2013-04-11</lastModified><filename>1.08 km_61,49_8,9.jpg</filename></entry><entry><pixelPerDegree>0.044051635782533745</pixelPerDegree><east>964776.886148029</east><north>8717042.924255133</north><lastUsed>2013-04-11</lastUsed><lastModified>2013-04-11</lastModified><filename>1.09 km_61,39_8,7.jpg</filename></entry><entry><pixelPerDegree>0.044051635782533745</pixelPerDegree><east>976127.2024556529</east><north>8717042.924255133</north><lastUsed>2013-04-11</lastUsed><lastModified>2013-04-11</lastModified><filename>1.09 km_61,39_8,8.jpg</filename></entry><entry><pixelPerDegree>0.044051635782533745</pixelPerDegree><east>998827.8350709006</east><north>8728393.240562757</north><lastUsed>2013-04-11</lastUsed><lastModified>2013-04-11</lastModified><filename>1.09 km_61,44_9,0.jpg</filename></entry><entry><pixelPerDegree>0.044051635782533745</pixelPerDegree><east>998827.8350709006</east><north>8739743.55687038</north><lastUsed>2013-04-11</lastUsed><lastModified>2013-04-11</lastModified><filename>1.08 km_61,49_9,0.jpg</filename></entry><entry><pixelPerDegree>0.044051635782533745</pixelPerDegree><east>953426.5698404051</east><north>8728393.240562757</north><lastUsed>2013-04-11</lastUsed><lastModified>2013-04-11</lastModified><filename>1.09 km_61,44_8,6.jpg</filename></entry><entry><pixelPerDegree>0.044051635782533745</pixelPerDegree><east>953426.5698404051</east><north>8717042.924255133</north><lastUsed>2013-04-11</lastUsed><lastModified>2013-04-11</lastModified><filename>1.09 km_61,39_8,6.jpg</filename></entry><entry><pixelPerDegree>0.044051635782533745</pixelPerDegree><east>976127.2024556529</east><north>8751093.873178005</north><lastUsed>2013-04-11</lastUsed><lastModified>2013-04-11</lastModified><filename>1.08 km_61,54_8,8.jpg</filename></entry><entry><pixelPerDegree>0.044051635782533745</pixelPerDegree><east>987477.5187632767</east><north>8717042.924255133</north><lastUsed>2013-04-11</lastUsed><lastModified>2013-04-11</lastModified><filename>1.09 km_61,39_8,9.jpg</filename></entry><entry><pixelPerDegree>0.044051635782533745</pixelPerDegree><east>953426.5698404051</east><north>8739743.55687038</north><lastUsed>2013-04-11</lastUsed><lastModified>2013-04-11</lastModified><filename>1.08 km_61,49_8,6.jpg</filename></entry><entry><pixelPerDegree>0.044051635782533745</pixelPerDegree><east>964776.886148029</east><north>8751093.873178005</north><lastUsed>2013-04-11</lastUsed><lastModified>2013-04-11</lastModified><filename>1.08 km_61,54_8,7.jpg</filename></entry><entry><pixelPerDegree>0.044051635782533745</pixelPerDegree><east>987477.5187632767</east><north>8751093.873178005</north><lastUsed>2013-04-11</lastUsed><lastModified>2013-04-11</lastModified><filename>1.08 km_61,54_8,9.jpg</filename></entry><entry><pixelPerDegree>0.044051635782533745</pixelPerDegree><east>998827.8350709006</east><north>8717042.924255133</north><lastUsed>2013-04-11</lastUsed><lastModified>2013-04-11</lastModified><filename>1.09 km_61,39_9,0.jpg</filename></entry><entry><pixelPerDegree>0.044051635782533745</pixelPerDegree><east>953426.5698404051</east><north>8751093.873178005</north><lastUsed>2013-04-11</lastUsed><lastModified>2013-04-11</lastModified><filename>1.08 km_61,54_8,6.jpg</filename></entry><entry><pixelPerDegree>0.044051635782533745</pixelPerDegree><east>998827.8350709006</east><north>8751093.873178005</north><lastUsed>2013-04-11</lastUsed><lastModified>2013-04-11</lastModified><filename>1.08 km_61,54_9,0.jpg</filename></entry><entry><pixelPerDegree>0.06229842076837962</pixelPerDegree><east>979158.0468274303</east><north>8740189.450779274</north><lastUsed>2013-04-11</lastUsed><lastModified>2013-04-11</lastModified><filename>766.1 m_61,49_8,80.jpg</filename></entry><entry><pixelPerDegree>0.06229842076837962</pixelPerDegree><east>971132.1611976972</east><north>8740189.450779274</north><lastUsed>2013-04-11</lastUsed><lastModified>2013-04-11</lastModified><filename>766.1 m_61,49_8,72.jpg</filename></entry><entry><pixelPerDegree>0.06229842076837962</pixelPerDegree><east>979158.0468274303</east><north>8732163.565149542</north><lastUsed>2013-04-11</lastUsed><lastModified>2013-04-11</lastModified><filename>766.9 m_61,46_8,80.jpg</filename></entry><entry><pixelPerDegree>0.06229842076837962</pixelPerDegree><east>971132.1611976972</east><north>8732163.565149542</north><lastUsed>2013-04-11</lastUsed><lastModified>2013-04-11</lastModified><filename>766.9 m_61,46_8,72.jpg</filename></entry><entry><pixelPerDegree>0.06229842076837962</pixelPerDegree><east>987183.9324571632</east><north>8732163.565149542</north><lastUsed>2013-04-11</lastUsed><lastModified>2013-04-11</lastModified><filename>766.9 m_61,46_8,87.jpg</filename></entry><entry><pixelPerDegree>0.06229842076837962</pixelPerDegree><east>987183.9324571632</east><north>8740189.450779274</north><lastUsed>2013-04-11</lastUsed><lastModified>2013-04-11</lastModified><filename>766.1 m_61,49_8,87.jpg</filename></entry><entry><pixelPerDegree>0.9967747322941438</pixelPerDegree><east>979659.6646792198</east><north>8740189.450778661</north><lastUsed>2013-04-11</lastUsed><lastModified>2013-04-11</lastModified><filename>47.9 m_61,494_8,800.jpg</filename></entry><entry><pixelPerDegree>0.9967747322941438</pixelPerDegree><east>979659.6646792198</east><north>8739687.832926802</north><lastUsed>2013-04-11</lastUsed><lastModified>2013-04-11</lastModified><filename>47.9 m_61,492_8,800.jpg</filename></entry><entry><pixelPerDegree>0.9967747322941438</pixelPerDegree><east>980161.2825310781</east><north>8740189.450778661</north><lastUsed>2013-04-11</lastUsed><lastModified>2013-04-11</lastModified><filename>47.9 m_61,494_8,805.jpg</filename></entry><entry><pixelPerDegree>0.9967747322941438</pixelPerDegree><east>980161.2825310781</east><north>8739687.832926802</north><lastUsed>2013-04-11</lastUsed><lastModified>2013-04-11</lastModified><filename>47.9 m_61,492_8,805.jpg</filename></entry><entry><pixelPerDegree>0.9967747322941438</pixelPerDegree><east>980662.9003829364</east><north>8739687.832926802</north><lastUsed>2013-04-11</lastUsed><lastModified>2013-04-11</lastModified><filename>47.9 m_61,492_8,809.jpg</filename></entry><entry><pixelPerDegree>0.9967747322941438</pixelPerDegree><east>980662.9003829364</east><north>8740189.450778661</north><lastUsed>2013-04-11</lastUsed><lastModified>2013-04-11</lastModified><filename>47.9 m_61,494_8,809.jpg</filename></entry><entry><pixelPerDegree>0.9967747322941438</pixelPerDegree><east>981164.5182347946</east><north>8740189.450778661</north><lastUsed>2013-04-11</lastUsed><lastModified>2013-04-11</lastModified><filename>47.9 m_61,494_8,814.jpg</filename></entry><entry><pixelPerDegree>0.9967747322941438</pixelPerDegree><east>981164.5182347946</east><north>8739687.832926802</north><lastUsed>2013-04-11</lastUsed><lastModified>2013-04-11</lastModified><filename>47.9 m_61,492_8,814.jpg</filename></entry></projection></wms-cache>